"id","time","probability"
"goodjudgmentopen-2908","2023-06-10T03:07:17.099Z",0.02
"goodjudgmentopen-2908","2023-06-11T03:07:35.343Z",0.0344
"goodjudgmentopen-2908","2023-06-12T03:07:11.194Z",0.0388
"goodjudgmentopen-2908","2023-06-13T03:07:25.851Z",0.0752
"goodjudgmentopen-2908","2023-06-14T03:07:11.457Z",0.0754
"goodjudgmentopen-2908","2023-06-15T03:07:03.008Z",0.0762
"goodjudgmentopen-2908","2023-06-16T03:08:20.818Z",0.0624
"goodjudgmentopen-2908","2023-06-17T03:08:32.822Z",0.05
"goodjudgmentopen-2908","2023-06-18T03:07:44.181Z",0.08
"goodjudgmentopen-2908","2023-06-19T03:07:39.923Z",0.0745
"goodjudgmentopen-2908","2023-06-20T03:07:10.588Z",0.07
"goodjudgmentopen-2908","2023-06-21T03:09:25.835Z",0.07
"goodjudgmentopen-2908","2023-06-22T03:07:32.986Z",0.07
"goodjudgmentopen-2908","2023-06-23T03:08:52.214Z",0.0709
"goodjudgmentopen-2908","2023-06-24T03:08:41.857Z",0.4871
"goodjudgmentopen-2908","2023-06-25T03:07:40.783Z",0.5413
"goodjudgmentopen-2908","2023-06-26T03:07:42.595Z",0.56
"goodjudgmentopen-2908","2023-06-27T03:07:25.336Z",0.49
"goodjudgmentopen-2908","2023-06-28T03:08:11.178Z",0.4415
"goodjudgmentopen-2908","2023-06-29T03:07:38.761Z",0.3327
"goodjudgmentopen-2908","2023-06-30T03:08:37.425Z",0.3
"goodjudgmentopen-2908","2023-07-01T03:08:29.778Z",0.2483
"goodjudgmentopen-2908","2023-07-02T03:07:06.051Z",0.2567
"goodjudgmentopen-2908","2023-07-03T03:06:57.675Z",0.175
"goodjudgmentopen-2908","2023-07-04T03:06:22.557Z",0.1211
"goodjudgmentopen-2908","2023-07-05T03:06:21.026Z",0.0842
"goodjudgmentopen-2908","2023-07-06T03:06:42.256Z",0.0695
"goodjudgmentopen-2908","2023-07-07T03:07:05.939Z",0.08
"goodjudgmentopen-2908","2023-07-08T03:06:33.665Z",0.06
"goodjudgmentopen-2908","2023-07-09T03:06:31.741Z",0.049
"goodjudgmentopen-2908","2023-07-10T03:07:07.521Z",0.05
"goodjudgmentopen-2908","2023-07-11T03:06:39.985Z",0.008
"goodjudgmentopen-2908","2023-07-12T03:06:27.988Z",0.001
"manifold-qJTJAf9vafBmAbwnmiKI","2023-03-16T05:16:39.694Z",0.17538014685502645
"manifold-qJTJAf9vafBmAbwnmiKI","2023-03-17T05:18:21.236Z",0.43928791136506007
"manifold-qJTJAf9vafBmAbwnmiKI","2023-03-18T05:21:24.876Z",0.3476504342380941
"manifold-qJTJAf9vafBmAbwnmiKI","2023-03-19T05:19:57.357Z",0.3476504342380941
"manifold-qJTJAf9vafBmAbwnmiKI","2023-03-20T05:23:24.501Z",0.2376391759388539
"manifold-qJTJAf9vafBmAbwnmiKI","2023-03-21T05:26:56.786Z",0.23154680291084986
"manifold-qJTJAf9vafBmAbwnmiKI","2023-03-22T04:51:22.928Z",0.2020002436897383
"manifold-qJTJAf9vafBmAbwnmiKI","2023-03-23T05:18:59.975Z",0.17576100601975767
"manifold-qJTJAf9vafBmAbwnmiKI","2023-03-24T05:20:07.623Z",0.17576100601975767
"manifold-qJTJAf9vafBmAbwnmiKI","2023-03-25T05:25:09.065Z",0.17576100601975767
"manifold-qJTJAf9vafBmAbwnmiKI","2023-03-26T03:18:13.280Z",0.16026029035884062
"manifold-qJTJAf9vafBmAbwnmiKI","2023-03-27T06:04:17.754Z",0.3386204520063007
"manifold-qJTJAf9vafBmAbwnmiKI","2023-03-28T05:34:38.378Z",0.3386204520063007
"manifold-qJTJAf9vafBmAbwnmiKI","2023-03-29T05:27:19.610Z",0.22999999999999998
"manifold-qJTJAf9vafBmAbwnmiKI","2023-03-30T05:34:40.958Z",0.2205683182200104
"manifold-qJTJAf9vafBmAbwnmiKI","2023-03-31T05:33:14.584Z",0.2205683182200104
"manifold-qJTJAf9vafBmAbwnmiKI","2023-04-01T05:37:14.336Z",0.2205683182200104
"manifold-qJTJAf9vafBmAbwnmiKI","2023-04-02T05:49:16.405Z",0.2205683182200104
"manifold-qJTJAf9vafBmAbwnmiKI","2023-04-03T05:18:29.734Z",0.3073188158366518
"manifold-qJTJAf9vafBmAbwnmiKI","2023-04-04T05:24:20.382Z",0.31228414616919237
"manifold-qJTJAf9vafBmAbwnmiKI","2023-04-05T05:23:27.678Z",0.31
"manifold-qJTJAf9vafBmAbwnmiKI","2023-04-06T05:20:21.749Z",0.31
"manifold-qJTJAf9vafBmAbwnmiKI","2023-04-07T07:14:17.213Z",0.31
"manifold-qJTJAf9vafBmAbwnmiKI","2023-04-08T05:29:16.677Z",0.31
"manifold-qJTJAf9vafBmAbwnmiKI","2023-04-09T04:46:10.051Z",0.25999999999999995
"manifold-qJTJAf9vafBmAbwnmiKI","2023-04-10T05:23:16.376Z",0.25999999999999995
"manifold-qJTJAf9vafBmAbwnmiKI","2023-04-11T05:25:10.187Z",0.25999999999999995
"manifold-qJTJAf9vafBmAbwnmiKI","2023-04-12T05:27:03.073Z",0.25999999999999995
"manifold-qJTJAf9vafBmAbwnmiKI","2023-04-13T07:36:37.273Z",0.25999999999999995
"manifold-qJTJAf9vafBmAbwnmiKI","2023-04-14T05:29:35.506Z",0.25999999999999995
"manifold-qJTJAf9vafBmAbwnmiKI","2023-04-15T05:30:56.742Z",0.23917869757539964
"manifold-qJTJAf9vafBmAbwnmiKI","2023-04-16T05:31:02.687Z",0.34165273259062884
"manifold-qJTJAf9vafBmAbwnmiKI","2023-04-17T05:36:31.203Z",0.30246791116967114
"manifold-qJTJAf9vafBmAbwnmiKI","2023-04-18T04:46:24.472Z",0.3223307180672447
"manifold-qJTJAf9vafBmAbwnmiKI","2023-04-19T05:37:40.393Z",0.3223307180672447
"manifold-qJTJAf9vafBmAbwnmiKI","2023-04-20T05:37:40.917Z",0.347834798920202
"manifold-qJTJAf9vafBmAbwnmiKI","2023-04-21T05:40:01.786Z",0.3172815165495513
"manifold-qJTJAf9vafBmAbwnmiKI","2023-04-22T05:35:23.904Z",0.3172815165495513
"manifold-qJTJAf9vafBmAbwnmiKI","2023-04-23T05:35:22.069Z",0.3172815165495513
"manifold-qJTJAf9vafBmAbwnmiKI","2023-04-24T05:39:35.037Z",0.3172815165495513
"manifold-qJTJAf9vafBmAbwnmiKI","2023-04-25T05:45:38.809Z",0.2905809606379709
"manifold-qJTJAf9vafBmAbwnmiKI","2023-04-26T05:45:31.808Z",0.2537830533792805
"manifold-qJTJAf9vafBmAbwnmiKI","2023-04-27T05:45:24.167Z",0.19666394374834306
"manifold-qJTJAf9vafBmAbwnmiKI","2023-04-28T05:46:19.030Z",0.18451507147042825
"manifold-qJTJAf9vafBmAbwnmiKI","2023-04-29T05:48:48.256Z",0.1845150714704282
"manifold-qJTJAf9vafBmAbwnmiKI","2023-04-30T05:45:43.615Z",0.1845150714704282
"manifold-qJTJAf9vafBmAbwnmiKI","2023-05-01T05:45:16.791Z",0.1845150714704282
"manifold-qJTJAf9vafBmAbwnmiKI","2023-05-02T05:54:05.679Z",0.1845150714704282
"manifold-qJTJAf9vafBmAbwnmiKI","2023-05-03T05:49:26.122Z",0.1845150714704282
"manifold-qJTJAf9vafBmAbwnmiKI","2023-05-04T06:18:27.562Z",0.18332584240764316
"manifold-qJTJAf9vafBmAbwnmiKI","2023-05-05T05:54:16.604Z",0.17919100898585819
"manifold-qJTJAf9vafBmAbwnmiKI","2023-05-06T05:54:41.729Z",0.17919100898585819
"manifold-qJTJAf9vafBmAbwnmiKI","2023-05-07T05:52:18.045Z",0.17919100898585819
"manifold-qJTJAf9vafBmAbwnmiKI","2023-05-08T05:55:47.257Z",0.17919100898585819
"manifold-qJTJAf9vafBmAbwnmiKI","2023-05-09T05:57:33.554Z",0.17919100898585819
"manifold-qJTJAf9vafBmAbwnmiKI","2023-05-10T06:00:04.559Z",0.17919100898585819
"manifold-qJTJAf9vafBmAbwnmiKI","2023-05-11T05:59:17.172Z",0.17919100898585819
"manifold-qJTJAf9vafBmAbwnmiKI","2023-05-12T06:59:30.341Z",0.19303371668537572
"manifold-qJTJAf9vafBmAbwnmiKI","2023-05-13T09:53:44.633Z",0.19303371668537572
"manifold-qJTJAf9vafBmAbwnmiKI","2023-05-14T06:38:53.795Z",0.19303371668537572
"manifold-qJTJAf9vafBmAbwnmiKI","2023-05-15T06:56:48.256Z",0.2022061876944844
"manifold-qJTJAf9vafBmAbwnmiKI","2023-05-16T06:57:31.601Z",0.24332309713462408
"manifold-qJTJAf9vafBmAbwnmiKI","2023-05-17T06:58:07.957Z",0.2520253618188648
"manifold-qJTJAf9vafBmAbwnmiKI","2023-05-18T09:10:28.701Z",0.2520253618188648
"manifold-qJTJAf9vafBmAbwnmiKI","2023-05-19T07:11:47.236Z",0.2520253618188648
"manifold-qJTJAf9vafBmAbwnmiKI","2023-05-20T07:13:21.550Z",0.2322187124657522
"manifold-qJTJAf9vafBmAbwnmiKI","2023-05-21T07:10:52.377Z",0.22872376841112743
"manifold-qJTJAf9vafBmAbwnmiKI","2023-05-22T07:10:05.266Z",0.22959583369329342
"manifold-qJTJAf9vafBmAbwnmiKI","2023-05-23T07:16:34.126Z",0.22959583369329342
"manifold-qJTJAf9vafBmAbwnmiKI","2023-05-24T04:42:19.227Z",0.22959583369329342
"manifold-qJTJAf9vafBmAbwnmiKI","2023-05-25T07:13:01.035Z",0.21743363844869762
"manifold-qJTJAf9vafBmAbwnmiKI","2023-05-26T07:22:32.493Z",0.21743363844869762
"manifold-qJTJAf9vafBmAbwnmiKI","2023-05-27T09:04:14.705Z",0.21743363844869762
"manifold-qJTJAf9vafBmAbwnmiKI","2023-05-28T07:15:35.088Z",0.21743363844869762
"manifold-qJTJAf9vafBmAbwnmiKI","2023-05-29T07:10:58.699Z",0.21743363844869762
"manifold-qJTJAf9vafBmAbwnmiKI","2023-05-30T07:20:01.866Z",0.21743363844869762
"manifold-qJTJAf9vafBmAbwnmiKI","2023-06-01T07:10:24.391Z",0.21743363844869762
"manifold-qJTJAf9vafBmAbwnmiKI","2023-06-02T06:54:02.181Z",0.21743363844869762
"manifold-qJTJAf9vafBmAbwnmiKI","2023-06-03T07:26:45.052Z",0.21743363844869762
"manifold-qJTJAf9vafBmAbwnmiKI","2023-06-04T07:17:34.337Z",0.21743363844869762
"manifold-qJTJAf9vafBmAbwnmiKI","2023-06-05T06:55:26.318Z",0.21743363844869762
"manifold-qJTJAf9vafBmAbwnmiKI","2023-06-06T07:09:43.250Z",0.21743363844869762
"manifold-qJTJAf9vafBmAbwnmiKI","2023-06-07T08:52:43.309Z",0.21743363844869762
"manifold-qJTJAf9vafBmAbwnmiKI","2023-06-08T07:19:47.088Z",0.21743363844869762
"manifold-qJTJAf9vafBmAbwnmiKI","2023-06-09T07:50:31.975Z",0.21743363844869762
"manifold-qJTJAf9vafBmAbwnmiKI","2023-06-10T07:04:21.362Z",0.21743363844869762
"manifold-qJTJAf9vafBmAbwnmiKI","2023-06-11T05:34:18.495Z",0.21743363844869762
"manifold-qJTJAf9vafBmAbwnmiKI","2023-06-13T07:14:28.093Z",0.22839742577415595
"manifold-qJTJAf9vafBmAbwnmiKI","2023-06-14T06:18:48.055Z",0.22839742577415595
"manifold-qJTJAf9vafBmAbwnmiKI","2023-06-15T05:12:08.494Z",0.22646396289971757
"manifold-qJTJAf9vafBmAbwnmiKI","2023-06-16T07:18:31.112Z",0.20682123186897863
"manifold-qJTJAf9vafBmAbwnmiKI","2023-06-17T07:25:47.369Z",0.20682123186897863
"manifold-qJTJAf9vafBmAbwnmiKI","2023-06-18T07:25:57.477Z",0.21493499127132085
"manifold-qJTJAf9vafBmAbwnmiKI","2023-06-19T07:27:35.418Z",0.21493499127132085
"manifold-qJTJAf9vafBmAbwnmiKI","2023-06-20T04:42:15.862Z",0.21493499127132085
"manifold-qJTJAf9vafBmAbwnmiKI","2023-06-21T07:34:21.254Z",0.21918803091542
"manifold-qJTJAf9vafBmAbwnmiKI","2023-06-22T07:34:04.092Z",0.21918803091542
"manifold-qJTJAf9vafBmAbwnmiKI","2023-06-23T09:51:01.453Z",0.21918803091542
"manifold-qJTJAf9vafBmAbwnmiKI","2023-06-24T07:57:39.276Z",0.6114722417599596
"manifold-qJTJAf9vafBmAbwnmiKI","2023-06-25T07:48:29.890Z",0.438293892433232
"manifold-qJTJAf9vafBmAbwnmiKI","2023-06-26T07:48:34.983Z",0.3481146478956073
"manifold-qJTJAf9vafBmAbwnmiKI","2023-06-27T07:41:43.107Z",0.359020115928608
"manifold-qJTJAf9vafBmAbwnmiKI","2023-06-28T04:31:52.959Z",0.35365211137654023
"manifold-qJTJAf9vafBmAbwnmiKI","2023-06-29T05:18:27.143Z",0.3308266088435505
"manifold-qJTJAf9vafBmAbwnmiKI","2023-06-30T07:49:06.559Z",0.32319509412293757
"manifold-qJTJAf9vafBmAbwnmiKI","2023-07-01T08:49:36.314Z",0.31
"manifold-qJTJAf9vafBmAbwnmiKI","2023-07-02T09:03:11.132Z",0.3858835343660514
"manifold-qJTJAf9vafBmAbwnmiKI","2023-07-03T08:48:24.115Z",0.34999999999999976
"manifold-qJTJAf9vafBmAbwnmiKI","2023-07-04T10:02:05.969Z",0.35872237091535375
"manifold-qJTJAf9vafBmAbwnmiKI","2023-07-05T08:48:39.583Z",0.35872237091535375
"manifold-qJTJAf9vafBmAbwnmiKI","2023-07-06T08:49:50.647Z",0.2559112868883962
"manifold-qJTJAf9vafBmAbwnmiKI","2023-07-07T08:47:23.010Z",0.3000461821252174
"manifold-qJTJAf9vafBmAbwnmiKI","2023-07-08T04:57:23.361Z",0.3749303738788388
"manifold-qJTJAf9vafBmAbwnmiKI","2023-07-09T08:31:27.410Z",0.3615305243339218
"manifold-qJTJAf9vafBmAbwnmiKI","2023-07-10T08:30:09.460Z",0.3660887300272689
"manifold-qJTJAf9vafBmAbwnmiKI","2023-07-11T05:51:00.512Z",0.2682567599156609
"manifold-qJTJAf9vafBmAbwnmiKI","2023-07-12T06:01:23.811Z",0.3326806619554339
"metaculus-10246","2022-04-28T12:30:06.968Z",0.13
"metaculus-10246","2022-04-29T12:31:50.604Z",0.14
"metaculus-10246","2022-04-30T12:29:14.194Z",0.14
"metaculus-10246","2022-04-30T12:29:14.194Z",0.14
"metaculus-10246","2022-04-30T12:29:14.194Z",0.14
"metaculus-10246","2022-05-03T12:29:05.785Z",0.14
"metaculus-10246","2022-05-04T12:17:25.652Z",0.15
"metaculus-10246","2022-05-05T12:29:40.523Z",0.15
"metaculus-10246","2022-05-06T12:28:37.900Z",0.15
"metaculus-10246","2022-05-08T12:18:24.254Z",0.17
"metaculus-10246","2022-05-08T12:18:24.254Z",0.17
"metaculus-10246","2022-05-10T12:17:26.959Z",0.17
"metaculus-10246","2022-05-11T12:31:40.811Z",0.17
"metaculus-10246","2022-05-12T12:29:43.152Z",0.17
"metaculus-10246","2022-05-13T12:28:29.346Z",0.17
"metaculus-10246","2022-05-14T12:29:35.630Z",0.17
"metaculus-10246","2022-05-15T12:30:41.032Z",0.18
"metaculus-10246","2022-05-16T12:30:49.046Z",0.2
"metaculus-10246","2022-05-17T12:28:21.998Z",0.2
"metaculus-10246","2022-05-18T12:29:10.261Z",0.2
"metaculus-10246","2022-05-19T12:26:53.562Z",0.19
"metaculus-10246","2022-05-21T12:29:21.307Z",0.19
"metaculus-10246","2022-05-22T12:28:25.149Z",0.2
"metaculus-10246","2022-05-25T12:29:23.944Z",0.2
"metaculus-10246","2022-05-27T12:32:25.257Z",0.2
"metaculus-10246","2022-05-30T12:32:40.536Z",0.2
"metaculus-10246","2022-05-31T12:31:24.698Z",0.2
"metaculus-10246","2022-06-03T19:04:59.195Z",0.19
"metaculus-10246","2022-06-05T11:25:59.720Z",0.19
"metaculus-10246","2022-06-06T11:23:24.510Z",0.19
"metaculus-10246","2022-06-07T11:23:46.849Z",0.18
"metaculus-10246","2022-06-08T11:23:05.264Z",0.18
"metaculus-10246","2022-06-10T12:42:26.196Z",0.16
"metaculus-10246","2022-06-11T11:26:47.186Z",0.16
"metaculus-10246","2022-06-12T11:24:06.596Z",0.15
"metaculus-10246","2022-06-13T11:24:47.937Z",0.16
"metaculus-10246","2022-06-15T11:29:12.339Z",0.16
"metaculus-10246","2022-06-16T11:29:05.696Z",0.16
"metaculus-10246","2022-06-17T11:25:10.334Z",0.17
"metaculus-10246","2022-06-18T11:28:55.129Z",0.18
"metaculus-10246","2022-06-20T11:27:28.342Z",0.18
"metaculus-10246","2022-06-21T11:27:46.343Z",0.18
"metaculus-10246","2022-06-22T11:28:40.645Z",0.18
"metaculus-10246","2022-06-23T11:29:07.207Z",0.18
"metaculus-10246","2022-06-24T11:30:06.458Z",0.18
"metaculus-10246","2022-06-25T11:28:24.271Z",0.17
"metaculus-10246","2022-06-26T11:27:09.494Z",0.17
"metaculus-10246","2022-06-27T11:25:21.687Z",0.17
"metaculus-10246","2022-06-28T11:27:58.426Z",0.17
"metaculus-10246","2022-06-29T11:19:24.232Z",0.18
"metaculus-10246","2022-06-30T11:21:39.019Z",0.17
"metaculus-10246","2022-07-01T11:20:53.523Z",0.17
"metaculus-10246","2022-07-02T11:21:38.977Z",0.17
"metaculus-10246","2022-07-03T11:18:40.441Z",0.16
"metaculus-10246","2022-07-04T11:19:23.541Z",0.16
"metaculus-10246","2022-07-05T11:17:15.408Z",0.15
"metaculus-10246","2022-07-06T11:22:34.582Z",0.15
"metaculus-10246","2022-07-07T11:20:47.825Z",0.15
"metaculus-10246","2022-07-09T11:38:24.226Z",0.16
"metaculus-10246","2022-07-10T11:28:44.495Z",0.16
"metaculus-10246","2022-07-11T11:28:56.660Z",0.16
"metaculus-10246","2022-07-12T11:31:05.250Z",0.16
"metaculus-10246","2022-07-13T11:32:50.415Z",0.16
"metaculus-10246","2022-07-14T11:32:48.425Z",0.15
"metaculus-10246","2022-07-15T11:32:43.803Z",0.15
"metaculus-10246","2022-07-16T11:33:51.153Z",0.15
"metaculus-10246","2022-07-17T11:28:50.872Z",0.15
"metaculus-10246","2022-07-18T11:28:23.548Z",0.15
"metaculus-10246","2022-07-19T11:30:07.820Z",0.15
"metaculus-10246","2022-07-20T11:29:50.217Z",0.15
"metaculus-10246","2022-07-21T11:32:26.495Z",0.15
"metaculus-10246","2022-07-22T11:31:31.280Z",0.15
"metaculus-10246","2022-07-23T11:31:47.114Z",0.15
"metaculus-10246","2022-07-24T11:30:03.051Z",0.15
"metaculus-10246","2022-07-25T11:29:15.253Z",0.15
"metaculus-10246","2022-07-26T11:31:50.581Z",0.14
"metaculus-10246","2022-07-27T11:31:10.373Z",0.15
"metaculus-10246","2022-07-28T11:33:05.327Z",0.15
"metaculus-10246","2022-07-29T11:32:18.480Z",0.14
"metaculus-10246","2022-07-30T11:34:44.729Z",0.14
"metaculus-10246","2022-07-31T11:29:48.367Z",0.14
"metaculus-10246","2022-08-01T11:31:56.257Z",0.14
"metaculus-10246","2022-08-02T11:31:23.159Z",0.14
"metaculus-10246","2022-08-03T11:31:00.340Z",0.13
"metaculus-10246","2022-08-04T11:33:20.648Z",0.13
"metaculus-10246","2022-08-05T11:32:29.536Z",0.13
"metaculus-10246","2022-08-06T11:34:28.059Z",0.13
"metaculus-10246","2022-08-07T11:31:16.580Z",0.13
"metaculus-10246","2022-08-08T11:31:10.383Z",0.13
"metaculus-10246","2022-08-10T11:22:22.182Z",0.12
"metaculus-10246","2022-08-11T11:22:46.351Z",0.12
"metaculus-10246","2022-08-12T11:23:24.351Z",0.12
"metaculus-10246","2022-08-13T11:25:35.436Z",0.12
"metaculus-10246","2022-08-14T11:17:41.314Z",0.12
"metaculus-10246","2022-08-15T11:18:08.078Z",0.12
"metaculus-10246","2022-08-16T11:19:11.494Z",0.12
"metaculus-10246","2022-08-19T11:24:25.035Z",0.12
"metaculus-10246","2022-08-20T11:23:17.743Z",0.12
"metaculus-10246","2022-08-21T11:21:00.665Z",0.12
"metaculus-10246","2022-08-22T11:18:43.639Z",0.12
"metaculus-10246","2022-08-23T11:23:38.695Z",0.12
"metaculus-10246","2022-08-24T11:20:42.768Z",0.12
"metaculus-10246","2022-08-25T11:22:15.117Z",0.12
"metaculus-10246","2022-08-26T11:21:26.940Z",0.12
"metaculus-10246","2022-08-27T11:22:36.439Z",0.12
"metaculus-10246","2022-08-28T11:18:36.430Z",0.12
"metaculus-10246","2022-08-29T11:20:44.569Z",0.12
"metaculus-10246","2022-08-30T11:21:47.612Z",0.12
"metaculus-10246","2022-08-31T11:21:47.224Z",0.12
"metaculus-10246","2022-09-02T11:26:42.431Z",0.12
"metaculus-10246","2022-09-03T11:23:47.043Z",0.12
"metaculus-10246","2022-09-04T11:17:48.542Z",0.12
"metaculus-10246","2022-09-05T11:19:03.583Z",0.12
"metaculus-10246","2022-09-06T11:18:37.416Z",0.12
"metaculus-10246","2022-09-07T11:20:46.766Z",0.12
"metaculus-10246","2022-09-08T11:22:33.842Z",0.12
"metaculus-10246","2022-09-09T11:21:13.148Z",0.12
"metaculus-10246","2022-09-10T11:25:01.250Z",0.13
"metaculus-10246","2022-09-12T11:17:55.617Z",0.2
"metaculus-10246","2022-09-13T11:25:27.238Z",0.23
"metaculus-10246","2022-09-14T11:23:50.296Z",0.23
"metaculus-10246","2022-09-15T11:26:52.532Z",0.24
"metaculus-10246","2022-09-16T11:22:54.671Z",0.22
"metaculus-10246","2022-09-17T11:22:15.953Z",0.22
"metaculus-10246","2022-09-18T11:18:00.720Z",0.22
"metaculus-10246","2022-09-19T11:18:11.597Z",0.21
"metaculus-10246","2022-09-20T11:22:13.079Z",0.21
"metaculus-10246","2022-09-21T11:22:19.208Z",0.22
"metaculus-10246","2022-09-22T11:24:26.285Z",0.24
"metaculus-10246","2022-09-23T11:23:12.888Z",0.25
"metaculus-10246","2022-09-24T11:23:38.931Z",0.25
"metaculus-10246","2022-09-25T11:18:17.837Z",0.27
"metaculus-10246","2022-09-26T11:19:36.636Z",0.26
"metaculus-10246","2022-09-27T11:21:31.314Z",0.26
"metaculus-10246","2022-09-28T11:41:41.445Z",0.26
"metaculus-10246","2022-09-29T11:37:01.443Z",0.26
"metaculus-10246","2022-09-30T11:37:55.066Z",0.26
"metaculus-10246","2022-10-01T11:39:51.298Z",0.26
"metaculus-10246","2022-10-02T11:33:50.522Z",0.25
"metaculus-10246","2022-10-03T11:33:16.408Z",0.26
"metaculus-10246","2022-10-04T11:38:51.864Z",0.24
"metaculus-10246","2022-10-05T11:36:45.782Z",0.23
"metaculus-10246","2022-10-06T11:35:36.085Z",0.21
"metaculus-10246","2022-10-07T11:37:48.228Z",0.22
"metaculus-10246","2022-10-08T11:39:51.758Z",0.22
"metaculus-10246","2022-10-09T11:35:34.096Z",0.22
"metaculus-10246","2022-10-10T11:35:15.591Z",0.21
"metaculus-10246","2022-10-11T11:35:51.028Z",0.22
"metaculus-10246","2022-10-12T11:37:24.578Z",0.22
"metaculus-10246","2022-10-27T06:08:59.380Z",0.21
"metaculus-10246","2022-10-28T05:49:31.986Z",0.21
"metaculus-10246","2022-10-29T06:18:31.574Z",0.2
"metaculus-10246","2022-10-30T06:10:47.813Z",0.2
"metaculus-10246","2022-10-31T06:17:35.416Z",0.2
"metaculus-10246","2022-11-01T06:23:42.637Z",0.2
"metaculus-10246","2022-11-02T06:32:18.492Z",0.2
"metaculus-10246","2022-11-03T06:32:36.573Z",0.2
"metaculus-10246","2022-11-04T06:58:41.028Z",0.2
"metaculus-10246","2022-11-05T06:37:10.755Z",0.21
"metaculus-10246","2022-11-06T06:21:54.909Z",0.21
"metaculus-10246","2022-11-07T06:35:42.050Z",0.22
"metaculus-10246","2022-11-08T06:44:59.115Z",0.21
"metaculus-10246","2022-11-09T09:17:38.063Z",0.21
"metaculus-10246","2022-11-10T06:45:21.729Z",0.21
"metaculus-10246","2022-11-11T06:40:03.998Z",0.22
"metaculus-10246","2022-11-12T06:18:06.952Z",0.22
"metaculus-10246","2022-11-13T06:02:41.670Z",0.22
"metaculus-10246","2022-11-14T06:01:52.658Z",0.22
"metaculus-10246","2022-11-15T06:07:31.441Z",0.22
"metaculus-10246","2022-11-16T06:24:21.090Z",0.24
"metaculus-10246","2022-11-17T06:26:26.630Z",0.24
"metaculus-10246","2023-01-23T06:38:22.838Z",0.1
"metaculus-10246","2023-01-24T06:40:23.609Z",0.1
"metaculus-10246","2023-01-25T06:41:00.868Z",0.1
"metaculus-10246","2023-01-26T06:43:37.613Z",0.1
"metaculus-10246","2023-01-27T06:39:05.250Z",0.1
"metaculus-10246","2023-01-28T06:44:33.357Z",0.1
"metaculus-10246","2023-01-29T06:42:21.632Z",0.1
"metaculus-10246","2023-01-30T06:48:27.598Z",0.1
"metaculus-10246","2023-01-31T06:47:18.852Z",0.1
"metaculus-10246","2023-02-01T06:54:02.800Z",0.1
"metaculus-10246","2023-02-02T07:30:31.748Z",0.09
"metaculus-10246","2023-02-03T06:58:54.325Z",0.1
"metaculus-10246","2023-02-04T06:55:31.088Z",0.1
"metaculus-10246","2023-02-05T06:51:48.376Z",0.1
"metaculus-10246","2023-02-06T06:53:29.064Z",0.1
"metaculus-10246","2023-02-07T07:00:21.075Z",0.1
"metaculus-10246","2023-02-08T06:49:53.181Z",0.1
"metaculus-10246","2023-02-09T06:53:04.855Z",0.1
"metaculus-10246","2023-02-10T07:02:07.514Z",0.1
"metaculus-10246","2023-02-11T06:53:10.128Z",0.1
"metaculus-10246","2023-02-12T06:46:31.738Z",0.1
"metaculus-10246","2023-02-13T07:02:17.156Z",0.1
"metaculus-10246","2023-02-14T07:01:42.113Z",0.1
"metaculus-10246","2023-02-15T07:09:24.132Z",0.1
"metaculus-10246","2023-02-16T06:53:21.372Z",0.1
"metaculus-10246","2023-02-17T06:41:40.981Z",0.1
"metaculus-10246","2023-02-18T06:52:22.702Z",0.1
"metaculus-10246","2023-02-19T06:47:14.341Z",0.1
"metaculus-10246","2023-02-20T06:52:03.611Z",0.1
"metaculus-10246","2023-02-21T07:02:50.506Z",0.1
"metaculus-10246","2023-02-22T08:38:07.058Z",0.1
"metaculus-10246","2023-02-23T08:37:40.033Z",0.1
"metaculus-10246","2023-02-24T07:16:14.099Z",0.1
"metaculus-10246","2023-02-25T07:22:51.866Z",0.1
"metaculus-10246","2023-02-26T07:34:37.227Z",0.1
"metaculus-10246","2023-02-27T07:25:43.678Z",0.09
"metaculus-10246","2023-02-28T07:27:41.252Z",0.09
"metaculus-10246","2023-03-01T08:02:05.668Z",0.08
"metaculus-10246","2023-03-02T08:34:42.317Z",0.08
"metaculus-10246","2023-03-03T07:34:14.980Z",0.08
"metaculus-10246","2023-03-04T07:36:44.196Z",0.08
"metaculus-10246","2023-03-05T07:23:41.606Z",0.08
"metaculus-10246","2023-03-06T07:27:58.080Z",0.08
"metaculus-10246","2023-03-07T07:46:40.953Z",0.08
"metaculus-10246","2023-03-08T07:41:38.339Z",0.08
"metaculus-10246","2023-03-09T07:39:48.002Z",0.08
"metaculus-10246","2023-03-10T07:49:14.075Z",0.08
"metaculus-10246","2023-03-11T07:49:10.269Z",0.08
"metaculus-10246","2023-03-12T07:48:31.513Z",0.08
"metaculus-10246","2023-03-13T07:39:53.241Z",0.08
"metaculus-10246","2023-03-14T08:00:17.829Z",0.078
"metaculus-10246","2023-03-16T08:19:34.174Z",0.078
"metaculus-10246","2023-03-17T07:58:00.550Z",0.078
"metaculus-10246","2023-03-18T08:04:07.360Z",0.07
"metaculus-10246","2023-03-19T07:58:28.721Z",0.07
"metaculus-10246","2023-03-20T08:08:57.263Z",0.07
"metaculus-10246","2023-03-21T08:12:02.801Z",0.07
"metaculus-10246","2023-03-22T07:29:43.026Z",0.07
"metaculus-10246","2023-03-23T08:08:31.423Z",0.07
"metaculus-10246","2023-03-24T08:00:03.272Z",0.07
"metaculus-10246","2023-03-25T08:12:05.477Z",0.07
"metaculus-10246","2023-03-26T06:14:08.915Z",0.07
"metaculus-10246","2023-03-27T09:02:24.384Z",0.07
"metaculus-10246","2023-03-28T08:17:21.498Z",0.07
"metaculus-10246","2023-03-29T08:04:07.378Z",0.07
"metaculus-10246","2023-03-30T08:18:46.902Z",0.07
"metaculus-10246","2023-03-31T08:36:50.558Z",0.07
"metaculus-10246","2023-04-01T08:42:59.729Z",0.07
"metaculus-10246","2023-04-02T09:13:45.968Z",0.07
"metaculus-10246","2023-04-03T08:29:57.968Z",0.07
"metaculus-10246","2023-04-04T08:40:11.646Z",0.07
"metaculus-10246","2023-04-05T08:25:10.791Z",0.07
"metaculus-10246","2023-04-06T08:08:31.321Z",0.07
"metaculus-10246","2023-04-07T10:15:10.777Z",0.07
"metaculus-10246","2023-04-08T10:01:50.379Z",0.07
"metaculus-10246","2023-04-09T07:33:54.171Z",0.07
"metaculus-10246","2023-04-10T08:14:35.932Z",0.07
"metaculus-10246","2023-04-11T08:16:17.170Z",0.06
"metaculus-10246","2023-04-12T08:11:39.163Z",0.06
"metaculus-10246","2023-04-13T10:28:08.956Z",0.06
"metaculus-10246","2023-04-14T08:15:02.216Z",0.06
"metaculus-10246","2023-04-15T08:17:06.243Z",0.06
"metaculus-10246","2023-04-16T08:20:39.191Z",0.06
"metaculus-10246","2023-04-17T08:22:18.912Z",0.06
"metaculus-10246","2023-04-18T07:41:28.832Z",0.06
"metaculus-10246","2023-04-19T08:32:03.556Z",0.06
"metaculus-10246","2023-04-20T08:18:23.305Z",0.06
"metaculus-10246","2023-04-21T08:50:03.330Z",0.06
"metaculus-10246","2023-04-22T08:23:39.520Z",0.06
"metaculus-10246","2023-04-23T08:15:03.499Z",0.06
"metaculus-10246","2023-04-24T08:23:18.188Z",0.06
"metaculus-10246","2023-04-25T08:32:46.557Z",0.06
"metaculus-10246","2023-04-26T08:54:52.065Z",0.07
"metaculus-10246","2023-04-27T08:34:41.738Z",0.07
"metaculus-10246","2023-04-28T08:35:25.077Z",0.07
"metaculus-10246","2023-04-29T08:34:45.778Z",0.06
"metaculus-10246","2023-04-30T08:36:23.715Z",0.06
"metaculus-10246","2023-05-01T09:13:20.411Z",0.06
"metaculus-10246","2023-05-02T09:20:50.752Z",0.06
"metaculus-10246","2023-06-14T18:44:33.526Z",0.05
"metaculus-10246","2023-06-15T08:02:39.308Z",0.04
"metaculus-10246","2023-06-16T09:59:50.146Z",0.04
"metaculus-10246","2023-06-17T10:18:16.475Z",0.04
"metaculus-10246","2023-06-18T10:12:41.335Z",0.033
"metaculus-10246","2023-06-19T10:17:20.026Z",0.03
"metaculus-10246","2023-06-20T07:26:28.857Z",0.03
"metaculus-10246","2023-06-21T10:24:08.653Z",0.04
"metaculus-10246","2023-06-22T10:19:57.905Z",0.04
"metaculus-10246","2023-06-23T12:43:11.075Z",0.033
"metaculus-10246","2023-06-24T10:44:30.469Z",0.16
"metaculus-10246","2023-06-25T10:34:26.650Z",0.1
"metaculus-10246","2023-06-26T10:31:49.634Z",0.1
"metaculus-10246","2023-06-27T10:27:14.807Z",0.1
"metaculus-10246","2023-06-28T07:16:45.222Z",0.1
"metaculus-10246","2023-06-29T08:14:46.977Z",0.1
"metaculus-10246","2023-06-30T10:41:06.357Z",0.1
"metaculus-10246","2023-07-01T12:31:31.871Z",0.1
"metaculus-10246","2023-07-02T13:26:38.962Z",0.08
"metaculus-10246","2023-07-03T11:58:16.653Z",0.08
"metaculus-10246","2023-07-04T13:15:10.341Z",0.07
"metaculus-10246","2023-07-05T11:36:37.542Z",0.07
"metaculus-10246","2023-07-06T11:51:21.490Z",0.07
"metaculus-10246","2023-07-07T11:39:27.304Z",0.06
"metaculus-10246","2023-07-08T07:43:50.853Z",0.07
"metaculus-10246","2023-07-09T11:22:39.660Z",0.06
"metaculus-10246","2023-07-10T11:37:15.105Z",0.05
"metaculus-10246","2023-07-11T08:48:52.820Z",0.05
"metaculus-10246","2023-07-12T08:57:05.745Z",0.055
"manifold-onhTHDgQVDpX6V5inItM","2022-10-27T03:23:21.288Z",0.09173800290316715
"manifold-onhTHDgQVDpX6V5inItM","2022-10-28T03:26:18.383Z",0.09173800290316715
"manifold-onhTHDgQVDpX6V5inItM","2022-10-29T03:54:54.550Z",0.09173800290316715
"manifold-onhTHDgQVDpX6V5inItM","2022-10-30T03:47:08.525Z",0.09173800290316715
"manifold-onhTHDgQVDpX6V5inItM","2022-10-31T03:52:44.810Z",0.09173800290316715
"manifold-onhTHDgQVDpX6V5inItM","2022-11-01T03:58:19.374Z",0.08529485449631342
"manifold-onhTHDgQVDpX6V5inItM","2022-11-02T03:59:55.916Z",0.08529485449631342
"manifold-onhTHDgQVDpX6V5inItM","2022-11-03T04:04:32.368Z",0.08529485449631342
"manifold-onhTHDgQVDpX6V5inItM","2022-11-04T04:32:50.479Z",0.08529485449631342
"manifold-onhTHDgQVDpX6V5inItM","2022-11-05T04:13:17.412Z",0.08529485449631342
"manifold-onhTHDgQVDpX6V5inItM","2022-11-06T03:56:39.916Z",0.08529485449631342
"manifold-onhTHDgQVDpX6V5inItM","2022-11-07T04:09:14.099Z",0.08529485449631342
"manifold-onhTHDgQVDpX6V5inItM","2022-11-08T04:18:56.440Z",0.08529485449631342
"manifold-onhTHDgQVDpX6V5inItM","2022-11-09T03:51:17.757Z",0.08529485449631342
"manifold-onhTHDgQVDpX6V5inItM","2022-11-10T03:58:20.289Z",0.08529485449631342
"manifold-onhTHDgQVDpX6V5inItM","2022-11-11T04:13:14.710Z",0.08529485449631342
"manifold-onhTHDgQVDpX6V5inItM","2022-11-12T03:50:05.991Z",0.08529485449631342
"manifold-onhTHDgQVDpX6V5inItM","2022-11-13T03:32:18.092Z",0.08529485449631342
"manifold-onhTHDgQVDpX6V5inItM","2022-11-14T03:32:01.136Z",0.08529485449631342
"manifold-onhTHDgQVDpX6V5inItM","2022-11-15T03:37:31.484Z",0.08529485449631342
"manifold-onhTHDgQVDpX6V5inItM","2022-11-16T03:54:13.083Z",0.08529485449631342
"manifold-onhTHDgQVDpX6V5inItM","2022-11-17T03:51:53.624Z",0.08529485449631342
"manifold-onhTHDgQVDpX6V5inItM","2022-11-18T03:43:10.603Z",0.08529485449631342
"manifold-onhTHDgQVDpX6V5inItM","2022-11-19T03:43:41.337Z",0.08529485449631342
"manifold-onhTHDgQVDpX6V5inItM","2022-11-20T03:33:24.831Z",0.08529485449631342
"manifold-onhTHDgQVDpX6V5inItM","2022-11-21T03:33:23.541Z",0.08529485449631342
"manifold-onhTHDgQVDpX6V5inItM","2022-11-22T03:40:13.026Z",0.08529485449631342
"manifold-onhTHDgQVDpX6V5inItM","2022-11-23T03:41:46.510Z",0.08529485449631342
"manifold-onhTHDgQVDpX6V5inItM","2022-11-24T03:43:00.612Z",0.08529485449631342
"manifold-onhTHDgQVDpX6V5inItM","2022-11-25T03:36:27.468Z",0.08529485449631342
"manifold-onhTHDgQVDpX6V5inItM","2022-11-26T03:47:15.884Z",0.08529485449631342
"manifold-onhTHDgQVDpX6V5inItM","2022-11-27T03:36:03.982Z",0.08529485449631342
"manifold-onhTHDgQVDpX6V5inItM","2022-11-28T03:38:41.937Z",0.08529485449631342
"manifold-onhTHDgQVDpX6V5inItM","2022-11-29T03:46:09.215Z",0.08529485449631342
"manifold-onhTHDgQVDpX6V5inItM","2023-01-21T04:15:21.617Z",0.021097686861662916
"manifold-onhTHDgQVDpX6V5inItM","2023-01-22T04:07:31.925Z",0.021097686861662916
"manifold-onhTHDgQVDpX6V5inItM","2023-01-23T04:09:50.793Z",0.021097686861662916
"manifold-onhTHDgQVDpX6V5inItM","2023-01-24T04:09:22.485Z",0.021097686861662916
"manifold-onhTHDgQVDpX6V5inItM","2023-01-25T04:11:30.331Z",0.03999999999999999
"manifold-onhTHDgQVDpX6V5inItM","2023-01-26T04:14:04.510Z",0.03999999999999999
"manifold-onhTHDgQVDpX6V5inItM","2023-01-27T04:10:14.648Z",0.03999999999999999
"manifold-onhTHDgQVDpX6V5inItM","2023-01-28T04:12:40.429Z",0.03999999999999999
"manifold-onhTHDgQVDpX6V5inItM","2023-01-29T04:13:35.954Z",0.03999999999999999
"manifold-onhTHDgQVDpX6V5inItM","2023-01-30T04:13:29.632Z",0.03999999999999999
"manifold-onhTHDgQVDpX6V5inItM","2023-01-31T04:14:40.992Z",0.03999999999999999
"manifold-onhTHDgQVDpX6V5inItM","2023-02-01T04:15:16.544Z",0.03999999999999999
"manifold-onhTHDgQVDpX6V5inItM","2023-02-02T04:19:48.172Z",0.03999999999999999
"manifold-onhTHDgQVDpX6V5inItM","2023-02-03T04:17:05.860Z",0.03999999999999999
"manifold-onhTHDgQVDpX6V5inItM","2023-02-04T04:17:49.999Z",0.03999999999999999
"manifold-onhTHDgQVDpX6V5inItM","2023-02-05T04:17:31.690Z",0.03999999999999999
"manifold-onhTHDgQVDpX6V5inItM","2023-02-06T04:17:23.876Z",0.03999999999999999
"manifold-onhTHDgQVDpX6V5inItM","2023-02-07T04:18:08.066Z",0.03999999999999999
"manifold-onhTHDgQVDpX6V5inItM","2023-02-08T04:18:49.882Z",0.03999999999999999
"manifold-onhTHDgQVDpX6V5inItM","2023-02-09T04:18:42.455Z",0.03999999999999999
"manifold-onhTHDgQVDpX6V5inItM","2023-02-10T04:28:23.586Z",0.03999999999999999
"manifold-onhTHDgQVDpX6V5inItM","2023-02-11T04:23:56.716Z",0.03999999999999999
"manifold-onhTHDgQVDpX6V5inItM","2023-02-12T04:12:36.789Z",0.03999999999999999
"manifold-onhTHDgQVDpX6V5inItM","2023-02-13T04:16:49.419Z",0.03999999999999999
"manifold-onhTHDgQVDpX6V5inItM","2023-02-14T04:17:26.373Z",0.03999999999999999
"manifold-onhTHDgQVDpX6V5inItM","2023-02-15T04:27:10.998Z",0.03999999999999999
"manifold-onhTHDgQVDpX6V5inItM","2023-02-16T04:17:20.487Z",0.03999999999999999
"manifold-onhTHDgQVDpX6V5inItM","2023-02-17T04:09:13.071Z",0.03999999999999999
"manifold-onhTHDgQVDpX6V5inItM","2023-02-18T04:16:55.905Z",0.05970197946893762
"manifold-onhTHDgQVDpX6V5inItM","2023-02-19T04:15:26.161Z",0.05970197946893762
"manifold-onhTHDgQVDpX6V5inItM","2023-02-20T04:16:23.717Z",0.05970197946893762
"manifold-onhTHDgQVDpX6V5inItM","2023-02-21T04:24:05.853Z",0.05970197946893762
"manifold-onhTHDgQVDpX6V5inItM","2023-02-22T06:02:18.178Z",0.05970197946893762
"manifold-onhTHDgQVDpX6V5inItM","2023-02-23T06:06:11.420Z",0.05970197946893762
"manifold-onhTHDgQVDpX6V5inItM","2023-02-24T04:41:07.374Z",0.05970197946893762
"manifold-onhTHDgQVDpX6V5inItM","2023-02-25T04:43:16.265Z",0.05970197946893762
"manifold-onhTHDgQVDpX6V5inItM","2023-02-26T04:50:33.969Z",0.05970197946893762
"manifold-onhTHDgQVDpX6V5inItM","2023-02-27T04:54:08.345Z",0.05970197946893762
"manifold-onhTHDgQVDpX6V5inItM","2023-02-28T04:58:01.377Z",0.05970197946893762
"manifold-onhTHDgQVDpX6V5inItM","2023-03-01T05:00:37.237Z",0.05970197946893762
"manifold-onhTHDgQVDpX6V5inItM","2023-03-02T05:06:34.782Z",0.05970197946893762
"manifold-onhTHDgQVDpX6V5inItM","2023-03-03T05:00:03.219Z",0.05970197946893762
"manifold-onhTHDgQVDpX6V5inItM","2023-03-04T05:05:35.974Z",0.05970197946893762
"manifold-onhTHDgQVDpX6V5inItM","2023-03-05T04:50:42.709Z",0.06846167901154177
"manifold-onhTHDgQVDpX6V5inItM","2023-03-06T04:52:47.638Z",0.06937394531920686
"manifold-onhTHDgQVDpX6V5inItM","2023-03-07T05:09:05.353Z",0.06937394531920686
"manifold-onhTHDgQVDpX6V5inItM","2023-03-08T05:08:27.662Z",0.06847940958189727
"manifold-onhTHDgQVDpX6V5inItM","2023-03-09T05:08:17.488Z",0.06847940958189727
"manifold-onhTHDgQVDpX6V5inItM","2023-03-10T05:10:38.974Z",0.06847940958189727
"manifold-onhTHDgQVDpX6V5inItM","2023-03-11T05:12:28.948Z",0.06847940958189727
"manifold-onhTHDgQVDpX6V5inItM","2023-03-12T05:12:41.509Z",0.06847940958189727
"manifold-onhTHDgQVDpX6V5inItM","2023-03-13T04:47:57.083Z",0.06783121885617294
"manifold-onhTHDgQVDpX6V5inItM","2023-03-14T05:13:59.801Z",0.06719452805775471
"manifold-onhTHDgQVDpX6V5inItM","2023-03-16T05:16:39.747Z",0.0678191608824556
"manifold-onhTHDgQVDpX6V5inItM","2023-03-17T05:18:21.263Z",0.0678191608824556
"manifold-onhTHDgQVDpX6V5inItM","2023-03-18T05:21:24.964Z",0.0678191608824556
"manifold-onhTHDgQVDpX6V5inItM","2023-03-19T05:19:57.380Z",0.06868979971661515
"manifold-onhTHDgQVDpX6V5inItM","2023-03-20T05:23:24.545Z",0.06868979971661515
"manifold-onhTHDgQVDpX6V5inItM","2023-03-21T05:26:56.808Z",0.06868979971661515
"manifold-onhTHDgQVDpX6V5inItM","2023-03-22T04:51:22.956Z",0.06868979971661515
"manifold-onhTHDgQVDpX6V5inItM","2023-03-23T05:18:59.997Z",0.06868979971661515
"manifold-onhTHDgQVDpX6V5inItM","2023-03-24T05:20:07.644Z",0.06868979971661515
"manifold-onhTHDgQVDpX6V5inItM","2023-03-25T05:25:09.159Z",0.11760406193930911
"manifold-onhTHDgQVDpX6V5inItM","2023-03-26T03:18:13.301Z",0.11760406193930911
"manifold-onhTHDgQVDpX6V5inItM","2023-03-27T06:04:17.778Z",0.11760406193930911
"manifold-onhTHDgQVDpX6V5inItM","2023-03-28T05:34:38.399Z",0.11270810163295632
"manifold-onhTHDgQVDpX6V5inItM","2023-03-29T05:27:19.632Z",0.1048349949489424
"manifold-onhTHDgQVDpX6V5inItM","2023-03-30T05:34:40.982Z",0.1048349949489424
"manifold-onhTHDgQVDpX6V5inItM","2023-03-31T05:33:14.607Z",0.1048349949489424
"manifold-onhTHDgQVDpX6V5inItM","2023-04-01T05:37:14.357Z",0.1048349949489424
"manifold-onhTHDgQVDpX6V5inItM","2023-04-02T05:49:16.432Z",0.1048349949489424
"manifold-onhTHDgQVDpX6V5inItM","2023-04-03T05:18:29.758Z",0.1048349949489424
"manifold-onhTHDgQVDpX6V5inItM","2023-04-04T05:24:20.407Z",0.1048349949489424
"manifold-onhTHDgQVDpX6V5inItM","2023-04-05T05:23:27.699Z",0.10470209625791943
"manifold-onhTHDgQVDpX6V5inItM","2023-04-06T05:20:21.769Z",0.10470209625791943
"manifold-onhTHDgQVDpX6V5inItM","2023-04-07T07:14:17.233Z",0.10470209625791943
"manifold-onhTHDgQVDpX6V5inItM","2023-04-08T05:29:16.695Z",0.10470209625791943
"manifold-onhTHDgQVDpX6V5inItM","2023-04-09T04:46:10.066Z",0.10470209625791943
"manifold-onhTHDgQVDpX6V5inItM","2023-04-10T05:23:16.390Z",0.10470209625791943
"manifold-onhTHDgQVDpX6V5inItM","2023-04-11T05:25:10.205Z",0.10470209625791943
"manifold-onhTHDgQVDpX6V5inItM","2023-04-12T05:27:03.089Z",0.10470209625791943
"manifold-onhTHDgQVDpX6V5inItM","2023-04-13T07:36:37.291Z",0.10470209625791943
"manifold-onhTHDgQVDpX6V5inItM","2023-04-14T05:29:35.522Z",0.10470209625791943
"manifold-onhTHDgQVDpX6V5inItM","2023-04-15T05:30:56.755Z",0.10470209625791943
"manifold-onhTHDgQVDpX6V5inItM","2023-04-16T05:31:02.701Z",0.10470209625791943
"manifold-onhTHDgQVDpX6V5inItM","2023-04-17T05:36:31.218Z",0.10470209625791943
"manifold-onhTHDgQVDpX6V5inItM","2023-04-18T04:46:24.486Z",0.10470209625791943
"manifold-onhTHDgQVDpX6V5inItM","2023-04-19T05:37:40.408Z",0.10342245710816535
"manifold-onhTHDgQVDpX6V5inItM","2023-04-20T05:37:40.936Z",0.10103479164836737
"manifold-onhTHDgQVDpX6V5inItM","2023-04-21T05:40:01.807Z",0.08650961334833095
"manifold-onhTHDgQVDpX6V5inItM","2023-04-22T05:35:23.918Z",0.08570721923332214
"manifold-onhTHDgQVDpX6V5inItM","2023-04-23T05:35:22.089Z",0.08402134519983762
"manifold-onhTHDgQVDpX6V5inItM","2023-04-24T05:39:35.055Z",0.08402134519983762
"manifold-onhTHDgQVDpX6V5inItM","2023-04-25T05:45:38.822Z",0.08402134519983762
"manifold-onhTHDgQVDpX6V5inItM","2023-04-26T05:45:31.821Z",0.08402134519983762
"manifold-onhTHDgQVDpX6V5inItM","2023-04-27T05:45:24.181Z",0.08402134519983762
"manifold-onhTHDgQVDpX6V5inItM","2023-04-28T05:46:19.043Z",0.08402134519983762
"manifold-onhTHDgQVDpX6V5inItM","2023-04-29T05:48:48.268Z",0.08402134519983762
"manifold-onhTHDgQVDpX6V5inItM","2023-04-30T05:45:43.629Z",0.08402134519983762
"manifold-onhTHDgQVDpX6V5inItM","2023-05-01T05:45:16.806Z",0.08402134519983762
"manifold-onhTHDgQVDpX6V5inItM","2023-05-02T05:54:05.693Z",0.08394620367630494
"manifold-onhTHDgQVDpX6V5inItM","2023-05-03T05:49:26.138Z",0.08394620367630494
"manifold-onhTHDgQVDpX6V5inItM","2023-05-04T06:18:27.577Z",0.08320171748256815
"manifold-onhTHDgQVDpX6V5inItM","2023-05-05T05:54:16.621Z",0.08320171748256815
"manifold-onhTHDgQVDpX6V5inItM","2023-05-06T05:54:41.742Z",0.08320171748256815
"manifold-onhTHDgQVDpX6V5inItM","2023-05-07T05:52:18.060Z",0.08320171748256815
"manifold-onhTHDgQVDpX6V5inItM","2023-05-08T05:55:47.272Z",0.08320171748256815
"manifold-onhTHDgQVDpX6V5inItM","2023-05-09T05:57:33.567Z",0.08320171748256815
"manifold-onhTHDgQVDpX6V5inItM","2023-05-10T06:00:04.571Z",0.08320171748256815
"manifold-onhTHDgQVDpX6V5inItM","2023-05-11T05:59:17.185Z",0.08320171748256815
"manifold-onhTHDgQVDpX6V5inItM","2023-05-12T06:59:30.355Z",0.08320171748256815
"manifold-onhTHDgQVDpX6V5inItM","2023-05-13T09:53:44.646Z",0.08320171748256815
"manifold-onhTHDgQVDpX6V5inItM","2023-05-14T06:38:53.807Z",0.08320171748256815
"manifold-onhTHDgQVDpX6V5inItM","2023-05-15T06:56:48.272Z",0.08320171748256815
"manifold-onhTHDgQVDpX6V5inItM","2023-05-16T06:57:31.614Z",0.08320171748256815
"manifold-onhTHDgQVDpX6V5inItM","2023-05-17T06:58:07.970Z",0.08320171748256815
"manifold-onhTHDgQVDpX6V5inItM","2023-05-18T09:10:28.715Z",0.08320171748256815
"manifold-onhTHDgQVDpX6V5inItM","2023-05-19T07:11:47.249Z",0.08320171748256815
"manifold-onhTHDgQVDpX6V5inItM","2023-05-20T07:13:21.564Z",0.08320171748256815
"manifold-onhTHDgQVDpX6V5inItM","2023-05-21T07:10:52.390Z",0.08320171748256815
"manifold-onhTHDgQVDpX6V5inItM","2023-05-22T07:10:05.283Z",0.08644806382376201
"manifold-onhTHDgQVDpX6V5inItM","2023-05-23T07:16:34.142Z",0.08644806382376201
"manifold-onhTHDgQVDpX6V5inItM","2023-05-24T04:42:19.248Z",0.05118128980636992
"manifold-onhTHDgQVDpX6V5inItM","2023-05-25T07:13:01.047Z",0.06257262331341536
"manifold-onhTHDgQVDpX6V5inItM","2023-05-26T07:22:32.506Z",0.06892433499577999
"manifold-onhTHDgQVDpX6V5inItM","2023-05-27T09:04:14.718Z",0.0668645336682597
"manifold-onhTHDgQVDpX6V5inItM","2023-05-28T07:15:35.101Z",0.06814511951378235
"manifold-onhTHDgQVDpX6V5inItM","2023-05-29T07:10:58.712Z",0.06814511951378235
"manifold-onhTHDgQVDpX6V5inItM","2023-05-30T07:20:01.879Z",0.06814511951378235
"manifold-onhTHDgQVDpX6V5inItM","2023-06-01T07:10:24.404Z",0.06814511951378235
"manifold-onhTHDgQVDpX6V5inItM","2023-06-02T06:54:02.193Z",0.06814511951378235
"manifold-onhTHDgQVDpX6V5inItM","2023-06-03T07:26:45.065Z",0.06814511951378235
"manifold-onhTHDgQVDpX6V5inItM","2023-06-04T07:17:34.349Z",0.06814511951378235
"manifold-onhTHDgQVDpX6V5inItM","2023-06-05T06:55:26.330Z",0.06814511951378235
"manifold-onhTHDgQVDpX6V5inItM","2023-06-06T07:09:43.262Z",0.06814511951378235
"manifold-onhTHDgQVDpX6V5inItM","2023-06-07T08:52:43.325Z",0.06377474448797475
"manifold-onhTHDgQVDpX6V5inItM","2023-06-08T07:19:47.102Z",0.06377474448797475
"manifold-onhTHDgQVDpX6V5inItM","2023-06-09T07:50:31.987Z",0.06377474448797475
"manifold-onhTHDgQVDpX6V5inItM","2023-06-10T07:04:21.374Z",0.06377474448797475
"manifold-onhTHDgQVDpX6V5inItM","2023-06-11T05:34:18.507Z",0.06377474448797475
"manifold-onhTHDgQVDpX6V5inItM","2023-06-13T07:14:28.107Z",0.06377474448797475
"manifold-onhTHDgQVDpX6V5inItM","2023-06-14T06:18:48.067Z",0.06377474448797475
"manifold-onhTHDgQVDpX6V5inItM","2023-06-15T05:12:08.506Z",0.06377474448797475
"manifold-onhTHDgQVDpX6V5inItM","2023-06-16T07:18:31.125Z",0.06377474448797475
"manifold-onhTHDgQVDpX6V5inItM","2023-06-17T07:25:47.381Z",0.06377474448797475
"manifold-onhTHDgQVDpX6V5inItM","2023-06-18T07:25:57.489Z",0.06377474448797475
"manifold-onhTHDgQVDpX6V5inItM","2023-06-19T07:27:35.433Z",0.06377474448797475
"manifold-onhTHDgQVDpX6V5inItM","2023-06-20T04:42:15.874Z",0.06377474448797475
"manifold-onhTHDgQVDpX6V5inItM","2023-06-21T07:34:21.268Z",0.06377474448797475
"manifold-onhTHDgQVDpX6V5inItM","2023-06-22T07:34:04.117Z",0.06377474448797475
"manifold-onhTHDgQVDpX6V5inItM","2023-06-23T09:51:01.465Z",0.06377474448797475
"manifold-onhTHDgQVDpX6V5inItM","2023-06-24T07:57:39.290Z",0.26632674943490703
"manifold-onhTHDgQVDpX6V5inItM","2023-06-25T07:48:29.902Z",0.1419718190316933
"manifold-onhTHDgQVDpX6V5inItM","2023-06-26T07:48:34.995Z",0.12280201665482206
"manifold-onhTHDgQVDpX6V5inItM","2023-06-27T07:41:43.123Z",0.12771649225257548
"manifold-onhTHDgQVDpX6V5inItM","2023-06-28T04:31:52.972Z",0.1603410954850102
"manifold-onhTHDgQVDpX6V5inItM","2023-06-29T05:18:27.157Z",0.12293118057829827
"manifold-onhTHDgQVDpX6V5inItM","2023-06-30T07:49:06.571Z",0.1224360423083589
"manifold-onhTHDgQVDpX6V5inItM","2023-07-01T08:49:36.326Z",0.09270474013258001
"manifold-onhTHDgQVDpX6V5inItM","2023-07-02T09:03:11.146Z",0.09300029474732584
"manifold-onhTHDgQVDpX6V5inItM","2023-07-03T08:48:24.127Z",0.07524271084904327
"manifold-onhTHDgQVDpX6V5inItM","2023-07-04T10:02:05.982Z",0.07524271084904327
"manifold-onhTHDgQVDpX6V5inItM","2023-07-05T08:48:39.595Z",0.08235433692330991
"manifold-onhTHDgQVDpX6V5inItM","2023-07-06T08:49:50.662Z",0.08235433692330991
"manifold-onhTHDgQVDpX6V5inItM","2023-07-07T08:47:23.032Z",0.08235433692330991
"manifold-onhTHDgQVDpX6V5inItM","2023-07-08T04:57:23.373Z",0.08235433692330991
"manifold-onhTHDgQVDpX6V5inItM","2023-07-09T08:31:27.423Z",0.08235433692330991
"manifold-onhTHDgQVDpX6V5inItM","2023-07-10T08:30:09.472Z",0.08235433692330991
"manifold-onhTHDgQVDpX6V5inItM","2023-07-11T05:51:00.525Z",0.08235433692330991
"manifold-onhTHDgQVDpX6V5inItM","2023-07-12T06:01:23.825Z",0.08235433692330991
"metaculus-11589","2022-06-29T11:19:24.235Z",0.21
"metaculus-11589","2022-06-30T11:21:39.020Z",0.25
"metaculus-11589","2022-07-01T11:20:53.524Z",0.3
"metaculus-11589","2022-07-02T11:21:38.978Z",0.27
"metaculus-11589","2022-07-03T11:18:40.442Z",0.27
"metaculus-11589","2022-07-04T11:19:23.543Z",0.27
"metaculus-11589","2022-07-05T11:17:15.410Z",0.27
"metaculus-11589","2022-07-06T11:22:34.584Z",0.27
"metaculus-11589","2022-07-07T11:20:47.828Z",0.27
"metaculus-11589","2022-07-09T11:38:24.228Z",0.27
"metaculus-11589","2022-07-10T11:28:44.496Z",0.27
"metaculus-11589","2022-07-11T11:28:56.662Z",0.27
"metaculus-11589","2022-07-12T11:31:05.252Z",0.29
"metaculus-11589","2022-07-13T11:32:50.417Z",0.27
"metaculus-11589","2022-07-14T11:32:48.426Z",0.29
"metaculus-11589","2022-07-15T11:32:43.807Z",0.29
"metaculus-11589","2022-07-16T11:33:51.155Z",0.29
"metaculus-11589","2022-07-17T11:28:50.874Z",0.29
"metaculus-11589","2022-07-18T11:28:23.550Z",0.29
"metaculus-11589","2022-07-19T11:30:07.822Z",0.29
"metaculus-11589","2022-07-20T11:29:50.219Z",0.29
"metaculus-11589","2022-07-21T11:32:26.497Z",0.29
"metaculus-11589","2022-07-22T11:31:31.282Z",0.35
"metaculus-11589","2022-07-23T11:31:47.116Z",0.35
"metaculus-11589","2022-07-24T11:30:03.053Z",0.35
"metaculus-11589","2022-07-25T11:29:15.255Z",0.35
"metaculus-11589","2022-07-26T11:31:50.583Z",0.35
"metaculus-11589","2022-07-27T11:31:10.374Z",0.35
"metaculus-11589","2022-07-28T11:33:05.330Z",0.35
"metaculus-11589","2022-07-29T11:32:18.483Z",0.35
"metaculus-11589","2022-07-30T11:34:44.732Z",0.35
"metaculus-11589","2022-07-31T11:29:48.369Z",0.35
"metaculus-11589","2022-08-01T11:31:56.260Z",0.35
"metaculus-11589","2022-08-02T11:31:23.162Z",0.29
"metaculus-11589","2022-08-03T11:31:00.341Z",0.3
"metaculus-11589","2022-08-04T11:33:20.650Z",0.3
"metaculus-11589","2022-08-05T11:32:29.537Z",0.3
"metaculus-11589","2022-08-06T11:34:28.061Z",0.3
"metaculus-11589","2022-08-07T11:31:16.582Z",0.3
"metaculus-11589","2022-08-08T11:31:10.385Z",0.3
"metaculus-11589","2022-08-10T11:22:22.185Z",0.3
"metaculus-11589","2022-08-11T11:22:46.353Z",0.3
"metaculus-11589","2022-08-12T11:23:24.354Z",0.3
"metaculus-11589","2022-08-13T11:25:35.438Z",0.3
"metaculus-11589","2022-08-14T11:17:41.317Z",0.3
"metaculus-11589","2022-08-15T11:18:08.080Z",0.3
"metaculus-11589","2022-08-16T11:19:11.497Z",0.3
"metaculus-11589","2022-08-19T11:24:25.037Z",0.3
"metaculus-11589","2022-08-20T11:23:17.745Z",0.3
"metaculus-11589","2022-08-21T11:21:00.666Z",0.3
"metaculus-11589","2022-08-22T11:18:43.639Z",0.3
"metaculus-11589","2022-08-23T11:23:38.697Z",0.3
"metaculus-11589","2022-08-24T11:20:42.770Z",0.3
"metaculus-11589","2022-08-25T11:22:15.118Z",0.4
"metaculus-11589","2022-08-26T11:21:26.941Z",0.4
"metaculus-11589","2022-08-27T11:22:36.441Z",0.4
"metaculus-11589","2022-08-28T11:18:36.433Z",0.4
"metaculus-11589","2022-08-29T11:20:44.570Z",0.4
"metaculus-11589","2022-08-30T11:21:47.613Z",0.4
"metaculus-11589","2022-08-31T11:21:47.225Z",0.4
"metaculus-11589","2022-09-02T11:26:42.432Z",0.4
"metaculus-11589","2022-09-03T11:23:47.044Z",0.4
"metaculus-11589","2022-09-04T11:17:48.545Z",0.4
"metaculus-11589","2022-09-05T11:19:03.585Z",0.4
"metaculus-11589","2022-09-06T11:18:37.417Z",0.4
"metaculus-11589","2022-09-07T11:20:46.767Z",0.4
"metaculus-11589","2022-09-08T11:22:33.844Z",0.4
"metaculus-11589","2022-09-09T11:21:13.149Z",0.4
"metaculus-11589","2022-09-10T11:25:01.250Z",0.4
"metaculus-11589","2022-09-12T11:17:55.617Z",0.4
"metaculus-11589","2022-09-13T11:25:27.239Z",0.4
"metaculus-11589","2022-09-14T11:23:50.297Z",0.4
"metaculus-11589","2022-09-15T11:26:52.532Z",0.4
"metaculus-11589","2022-09-16T11:22:54.672Z",0.4
"metaculus-11589","2022-09-17T11:22:15.954Z",0.4
"metaculus-11589","2022-09-18T11:18:00.721Z",0.4
"metaculus-11589","2022-09-19T11:18:11.598Z",0.4
"metaculus-11589","2022-09-20T11:22:13.079Z",0.4
"metaculus-11589","2022-09-21T11:22:19.209Z",0.4
"metaculus-11589","2022-09-22T11:24:26.286Z",0.4
"metaculus-11589","2022-09-23T11:23:12.889Z",0.4
"metaculus-11589","2022-09-24T11:23:38.933Z",0.4
"metaculus-11589","2022-09-25T11:18:17.839Z",0.4
"metaculus-11589","2022-09-26T11:19:36.638Z",0.4
"metaculus-11589","2022-09-27T11:21:31.315Z",0.41
"metaculus-11589","2022-09-28T11:41:41.446Z",0.41
"metaculus-11589","2022-09-29T11:37:01.444Z",0.41
"metaculus-11589","2022-09-30T11:37:55.068Z",0.41
"metaculus-11589","2022-10-01T11:39:51.299Z",0.41
"metaculus-11589","2022-10-02T11:33:50.523Z",0.41
"metaculus-11589","2022-10-03T11:33:16.408Z",0.42
"metaculus-11589","2022-10-04T11:38:51.865Z",0.42
"metaculus-11589","2022-10-05T11:36:45.783Z",0.42
"metaculus-11589","2022-10-06T11:35:36.085Z",0.42
"metaculus-11589","2022-10-07T11:37:48.229Z",0.42
"metaculus-11589","2022-10-08T11:39:51.760Z",0.42
"metaculus-11589","2022-10-09T11:35:34.098Z",0.42
"metaculus-11589","2022-10-10T11:35:15.592Z",0.42
"metaculus-11589","2022-10-11T11:35:51.036Z",0.42
"metaculus-11589","2022-10-12T11:37:24.579Z",0.4
"metaculus-11589","2022-10-27T06:08:59.380Z",0.37
"metaculus-11589","2022-10-28T05:49:31.987Z",0.33
"metaculus-11589","2022-10-29T06:18:31.575Z",0.33
"metaculus-11589","2022-10-30T06:10:47.814Z",0.33
"metaculus-11589","2022-10-31T06:17:35.417Z",0.33
"metaculus-11589","2022-11-01T06:23:42.637Z",0.34
"metaculus-11589","2022-11-02T06:32:18.493Z",0.33
"metaculus-11589","2022-11-03T06:32:36.574Z",0.33
"metaculus-11589","2022-11-04T06:58:41.029Z",0.33
"metaculus-11589","2022-11-05T06:37:10.756Z",0.33
"metaculus-11589","2022-11-06T06:21:54.911Z",0.33
"metaculus-11589","2022-11-07T06:35:42.051Z",0.33
"metaculus-11589","2022-11-08T06:44:59.116Z",0.35
"metaculus-11589","2022-11-09T09:17:38.064Z",0.35
"metaculus-11589","2022-11-10T06:45:21.730Z",0.35
"metaculus-11589","2022-11-11T06:40:03.999Z",0.35
"metaculus-11589","2022-11-12T06:18:06.953Z",0.35
"metaculus-11589","2022-11-13T06:02:41.671Z",0.35
"metaculus-11589","2022-11-14T06:01:52.659Z",0.3
"metaculus-11589","2022-11-15T06:07:31.442Z",0.31
"metaculus-11589","2022-11-16T06:24:21.091Z",0.31
"metaculus-11589","2022-11-17T06:26:26.630Z",0.31
"metaculus-11589","2023-01-23T06:38:22.839Z",0.3
"metaculus-11589","2023-01-24T06:40:23.610Z",0.3
"metaculus-11589","2023-01-25T06:41:00.869Z",0.28
"metaculus-11589","2023-01-26T06:43:37.614Z",0.28
"metaculus-11589","2023-01-27T06:39:05.251Z",0.28
"metaculus-11589","2023-01-28T06:44:33.358Z",0.28
"metaculus-11589","2023-01-29T06:42:21.633Z",0.28
"metaculus-11589","2023-01-30T06:48:27.599Z",0.28
"metaculus-11589","2023-01-31T06:47:18.853Z",0.28
"metaculus-11589","2023-02-01T06:54:02.801Z",0.3
"metaculus-11589","2023-02-02T07:30:31.749Z",0.3
"metaculus-11589","2023-02-03T06:58:54.325Z",0.3
"metaculus-11589","2023-02-04T06:55:31.089Z",0.3
"metaculus-11589","2023-02-05T06:51:48.377Z",0.3
"metaculus-11589","2023-02-06T06:53:29.067Z",0.3
"metaculus-11589","2023-02-07T07:00:21.076Z",0.3
"metaculus-11589","2023-02-08T06:49:53.182Z",0.3
"metaculus-11589","2023-02-09T06:53:04.856Z",0.3
"metaculus-11589","2023-02-10T07:02:07.516Z",0.3
"metaculus-11589","2023-02-11T06:53:10.128Z",0.3
"metaculus-11589","2023-02-12T06:46:31.740Z",0.3
"metaculus-11589","2023-02-13T07:02:17.157Z",0.3
"metaculus-11589","2023-02-14T07:01:42.114Z",0.3
"metaculus-11589","2023-02-15T07:09:24.133Z",0.3
"metaculus-11589","2023-02-16T06:53:21.373Z",0.3
"metaculus-11589","2023-02-17T06:41:40.981Z",0.3
"metaculus-11589","2023-02-18T06:52:22.703Z",0.3
"metaculus-11589","2023-02-19T06:47:14.341Z",0.32
"metaculus-11589","2023-02-20T06:52:03.612Z",0.32
"metaculus-11589","2023-02-21T07:02:50.507Z",0.32
"metaculus-11589","2023-02-22T08:38:07.059Z",0.32
"metaculus-11589","2023-02-23T08:37:40.035Z",0.32
"metaculus-11589","2023-02-24T07:16:14.099Z",0.32
"metaculus-11589","2023-02-25T07:22:51.866Z",0.32
"metaculus-11589","2023-02-26T07:34:37.228Z",0.32
"metaculus-11589","2023-02-27T07:25:43.679Z",0.33
"metaculus-11589","2023-02-28T07:27:41.252Z",0.33
"metaculus-11589","2023-03-01T08:02:05.668Z",0.33
"metaculus-11589","2023-03-02T08:34:42.318Z",0.32
"metaculus-11589","2023-03-03T07:34:14.980Z",0.32
"metaculus-11589","2023-03-04T07:36:44.197Z",0.32
"metaculus-11589","2023-03-05T07:23:41.608Z",0.32
"metaculus-11589","2023-03-06T07:27:58.081Z",0.32
"metaculus-11589","2023-03-07T07:46:40.954Z",0.32
"metaculus-11589","2023-03-08T07:41:38.341Z",0.28
"metaculus-11589","2023-03-09T07:39:48.003Z",0.3
"metaculus-11589","2023-03-10T07:49:14.074Z",0.3
"metaculus-11589","2023-03-11T07:49:10.277Z",0.3
"metaculus-11589","2023-03-12T07:48:31.514Z",0.3
"metaculus-11589","2023-03-13T07:39:53.242Z",0.3
"metaculus-11589","2023-03-14T08:00:17.829Z",0.3
"metaculus-11589","2023-03-16T08:19:34.174Z",0.25
"metaculus-11589","2023-03-17T07:58:00.551Z",0.25
"metaculus-11589","2023-03-18T08:04:07.362Z",0.25
"metaculus-11589","2023-03-19T07:58:28.722Z",0.25
"metaculus-11589","2023-03-20T08:08:57.264Z",0.25
"metaculus-11589","2023-03-21T08:12:02.801Z",0.25
"metaculus-11589","2023-03-22T07:29:43.028Z",0.25
"metaculus-11589","2023-03-23T08:08:31.424Z",0.25
"metaculus-11589","2023-03-24T08:00:03.273Z",0.25
"metaculus-11589","2023-03-25T08:12:05.478Z",0.25
"metaculus-11589","2023-03-26T06:14:08.916Z",0.25
"metaculus-11589","2023-03-27T09:02:24.386Z",0.25
"metaculus-11589","2023-03-28T08:17:21.499Z",0.25
"metaculus-11589","2023-03-29T08:04:07.379Z",0.25
"metaculus-11589","2023-03-30T08:18:46.902Z",0.25
"metaculus-11589","2023-03-31T08:36:50.560Z",0.25
"metaculus-11589","2023-04-01T08:42:59.729Z",0.25
"metaculus-11589","2023-04-02T09:13:45.969Z",0.25
"metaculus-11589","2023-04-03T08:29:57.968Z",0.25
"metaculus-11589","2023-04-04T08:40:11.646Z",0.25
"metaculus-11589","2023-04-05T08:25:10.791Z",0.25
"metaculus-11589","2023-04-06T08:08:31.321Z",0.25
"metaculus-11589","2023-04-07T10:15:10.779Z",0.25
"metaculus-11589","2023-04-08T10:01:50.380Z",0.25
"metaculus-11589","2023-04-09T07:33:54.171Z",0.25
"metaculus-11589","2023-04-10T08:14:35.932Z",0.25
"metaculus-11589","2023-04-11T08:16:17.172Z",0.25
"metaculus-11589","2023-04-12T08:11:39.163Z",0.25
"metaculus-11589","2023-04-13T10:28:08.956Z",0.25
"metaculus-11589","2023-04-14T08:15:02.217Z",0.25
"metaculus-11589","2023-04-15T08:17:06.243Z",0.25
"metaculus-11589","2023-04-16T08:20:39.192Z",0.25
"metaculus-11589","2023-04-17T08:22:18.913Z",0.25
"metaculus-11589","2023-04-18T07:41:28.832Z",0.25
"metaculus-11589","2023-04-19T08:32:03.556Z",0.25
"metaculus-11589","2023-04-20T08:18:23.308Z",0.25
"metaculus-11589","2023-04-21T08:50:03.331Z",0.25
"metaculus-11589","2023-04-22T08:23:39.520Z",0.25
"metaculus-11589","2023-04-23T08:15:03.500Z",0.25
"metaculus-11589","2023-04-24T08:23:18.189Z",0.25
"metaculus-11589","2023-04-25T08:32:46.559Z",0.25
"metaculus-11589","2023-04-26T08:54:52.067Z",0.25
"metaculus-11589","2023-04-27T08:34:41.738Z",0.3
"metaculus-11589","2023-04-28T08:35:25.077Z",0.3
"metaculus-11589","2023-04-29T08:34:45.778Z",0.3
"metaculus-11589","2023-04-30T08:36:23.716Z",0.3
"metaculus-11589","2023-05-01T09:13:20.411Z",0.3
"metaculus-11589","2023-05-02T09:20:50.753Z",0.3
"metaculus-11589","2023-06-14T18:44:33.527Z",0.3
"metaculus-11589","2023-06-15T08:02:39.309Z",0.3
"metaculus-11589","2023-06-16T09:59:50.146Z",0.32
"metaculus-11589","2023-06-17T10:18:16.476Z",0.311
"metaculus-11589","2023-06-18T10:12:41.335Z",0.311
"metaculus-11589","2023-06-19T10:17:20.027Z",0.33
"metaculus-11589","2023-06-20T07:26:28.858Z",0.3
"metaculus-11589","2023-06-21T10:24:08.654Z",0.311
"metaculus-11589","2023-06-22T10:19:57.905Z",0.311
"metaculus-11589","2023-06-23T12:43:11.076Z",0.3
"metaculus-11589","2023-06-24T10:44:30.470Z",0.75
"metaculus-11589","2023-06-25T10:34:26.651Z",0.45
"metaculus-11589","2023-06-26T10:31:49.635Z",0.44
"metaculus-11589","2023-06-27T10:27:14.807Z",0.43
"metaculus-11589","2023-06-28T07:16:45.222Z",0.43
"metaculus-11589","2023-06-29T08:14:46.977Z",0.37
"metaculus-11589","2023-06-30T10:41:06.358Z",0.38
"metaculus-11589","2023-07-01T12:31:31.871Z",0.37
"metaculus-11589","2023-07-02T13:26:38.962Z",0.38
"metaculus-11589","2023-07-03T11:58:16.653Z",0.38
"metaculus-11589","2023-07-04T13:15:10.342Z",0.4
"metaculus-11589","2023-07-05T11:36:37.543Z",0.4
"metaculus-11589","2023-07-06T11:51:21.492Z",0.45
"metaculus-11589","2023-07-07T11:39:27.304Z",0.43
"metaculus-11589","2023-07-08T07:43:50.854Z",0.43
"metaculus-11589","2023-07-09T11:22:39.661Z",0.43
"metaculus-11589","2023-07-10T11:37:15.105Z",0.43
"metaculus-11589","2023-07-11T08:48:52.821Z",0.43
"metaculus-11589","2023-07-12T08:57:05.745Z",0.43
"polymarket-0xb45c4f8a","2023-06-24T10:46:12.185Z",0
"polymarket-0xb45c4f8a","2023-06-25T10:36:06.964Z",0
"polymarket-0xb45c4f8a","2023-06-26T10:34:16.657Z",0
"polymarket-0xb45c4f8a","2023-06-26T13:25:56.254Z",0
"polymarket-0xb45c4f8a","2023-06-26T14:38:57.799Z",0.085
"polymarket-0xb45c4f8a","2023-06-27T10:29:08.894Z",0.08
"polymarket-0xb45c4f8a","2023-06-27T11:54:50.937Z",0.065
"polymarket-0xb45c4f8a","2023-06-28T07:19:01.270Z",0.07
"polymarket-0xb45c4f8a","2023-06-29T08:16:35.816Z",0.08
"polymarket-0xb45c4f8a","2023-06-30T10:44:25.396Z",0.055
"polymarket-0xb45c4f8a","2023-07-01T12:39:11.385Z",0.05
"polymarket-0xb45c4f8a","2023-07-02T13:35:29.387Z",0.03
"polymarket-0xb45c4f8a","2023-07-03T12:00:33.191Z",0.03
"polymarket-0xb45c4f8a","2023-07-04T13:17:25.283Z",0.03
"polymarket-0xb45c4f8a","2023-07-05T11:38:30.715Z",0.025
"polymarket-0xb45c4f8a","2023-07-06T11:55:10.098Z",0.02
"polymarket-0xb45c4f8a","2023-07-07T11:43:31.594Z",0.025
"polymarket-0xb45c4f8a","2023-07-08T07:47:24.800Z",0.025
"polymarket-0xb45c4f8a","2023-07-09T11:24:34.882Z",0.02
"polymarket-0xb45c4f8a","2023-07-10T11:39:24.458Z",0.025
"polymarket-0xb45c4f8a","2023-07-11T08:50:39.487Z",0.015
"polymarket-0xb45c4f8a","2023-07-12T08:58:53.072Z",0.015